<?xml version="1.0" encoding="UTF-8"?>
<project-private xmlns="http://www.netbeans.org/ns/project-private/1">
    <editor-bookmarks xmlns="http://www.netbeans.org/ns/editor-bookmarks/2" lastBookmarkId="0"/>
    <open-files xmlns="http://www.netbeans.org/ns/projectui-open-files/1">
        <file>file:/Users/abien/work/workspaces/junk/SupervisingControllerFX/src/supervisingcontrollerfx/SampleController.java</file>
        <file>file:/Users/abien/work/workspaces/junk/SupervisingControllerFX/src/supervisingcontrollerfx/Sample.fxml</file>
        <file>file:/Users/abien/work/workspaces/junk/SupervisingControllerFX/src/supervisingcontrollerfx/SupervisingControllerFX.java</file>
    </open-files>
</project-private>
