<?xml version="1.0" encoding="UTF-8"?>
<actions>
        <action>
            <actionName>rebuild</actionName>
            <goals>
                <goal>clean</goal>
                <goal>install</goal>
            </goals>
            <properties>
                <skipTests>true</skipTests>
            </properties>
        </action>
        <action>
            <actionName>run</actionName>
            <goals>
                <goal>package</goal>
            </goals>
            <properties>
                <netbeans.deploy>true</netbeans.deploy>
                <skipTests>true</skipTests>
            </properties>
        </action>
    </actions>
