<?xml version="1.0" encoding="UTF-8"?>
<job id="logprocessing" xmlns="http://xmlns.jcp.org/xml/ns/javaee" version="1.0">
    <step id="process">
        <chunk item-count="3">
            <reader ref="com.airhacks.analyzr.business.logprocessor.control.RemoteLogReader"></reader>
            <processor ref="com.airhacks.analyzr.business.logprocessor.control.WarningSeeker"></processor>
            <writer ref="com.airhacks.analyzr.business.logprocessor.control.SystemOutWriter"></writer>
        </chunk>
        <partition>
            <mapper ref="com.airhacks.analyzr.business.logprocessor.control.Partitioner"/>
        </partition>
    </step>
</job>
